<mule xmlns:mulexml="http://www.mulesoft.org/schema/mule/xml" xmlns:metadata="http://www.mulesoft.org/schema/mule/metadata" xmlns:dw="http://www.mulesoft.org/schema/mule/ee/dw"
	xmlns="http://www.mulesoft.org/schema/mule/core" xmlns:data-mapper="http://www.mulesoft.org/schema/mule/ee/data-mapper" xmlns:doc="http://www.mulesoft.org/schema/mule/documentation" xmlns:file="http://www.mulesoft.org/schema/mule/file" xmlns:sfdc="http://www.mulesoft.org/schema/mule/sfdc" xmlns:spring="http://www.springframework.org/schema/beans" xmlns:tracking="http://www.mulesoft.org/schema/mule/ee/tracking" xmlns:xsi="http://www.w3.org/2001/XMLSchema-instance" xsi:schemaLocation="http://www.mulesoft.org/schema/mule/ee/dw http://www.mulesoft.org/schema/mule/ee/dw/current/dw.xsd
http://www.mulesoft.org/schema/mule/file http://www.mulesoft.org/schema/mule/file/current/mule-file.xsd
http://www.mulesoft.org/schema/mule/sfdc http://www.mulesoft.org/schema/mule/sfdc/current/mule-sfdc.xsd
http://www.springframework.org/schema/beans http://www.springframework.org/schema/beans/spring-beans-current.xsd
http://www.mulesoft.org/schema/mule/core http://www.mulesoft.org/schema/mule/core/current/mule.xsd
http://www.mulesoft.org/schema/mule/ee/tracking http://www.mulesoft.org/schema/mule/ee/tracking/current/mule-tracking-ee.xsd
http://www.mulesoft.org/schema/mule/xml http://www.mulesoft.org/schema/mule/xml/current/mule-xml.xsd">
    <sfdc:config doc:name="Salesforce" name="Salesforce" password="$YourPassword" username="$YourUserName" securityToken="$YourSecurityToken">
        <sfdc:connection-pooling-profile exhaustedAction="WHEN_EXHAUSTED_GROW" initialisationPolicy="INITIALISE_ONE"/>
    </sfdc:config>
    <flow name="salesforce-connectivityFlow">
        <file:inbound-endpoint path="src/test/resources/input" moveToDirectory="src/test/resources/output" pollingFrequency="10000" responseTimeout="10000" doc:name="File"/>
        <dw:transform-message doc:name="Transform Message" metadata:id="6314098a-1333-4bb5-ad32-cbed15c813b2">
            <dw:input-payload doc:sample="sample_data\list_csv.csv" mimeType="application/csv"/>
            <dw:set-payload><![CDATA[%dw 1.0
%output application/java
---
 payload map 
 { 
 	 Phone: $.Phone,
	FirstName: $.FirstName,
    LastName: $.LastName,
    Email: $.Email
}]]></dw:set-payload>
        </dw:transform-message>
    
        
        <sfdc:create config-ref="Salesforce" type="Contact" doc:name="Salesforce">
            <sfdc:objects ref="#[payload]"/>
        </sfdc:create>
    </flow>
</mule>
